raw_id,canonical_id
9950712865,9950712865
alexander71@upi,9950712865
9626296040,9626296040
yaminirout@upi,9626296040
9432789553,9432789553
vrinda42@upi,9432789553
9202854808,9202854808
yashasvi16@upi,9202854808
9153514440,9153514440
ldara@upi,9153514440
9555807068,9555807068
dnadkarni@upi,9555807068
9781499194,9781499194
sagarnathan@upi,9781499194
9558401725,9558401725
ldevi@upi,9558401725
9481103002,9481103002
rbakshi@upi,9481103002
9024707036,9024707036
keerpeter@upi,9024707036
9640649508,9640649508
amolpal@upi,9640649508
9927033369,9927033369
kalavarenya@upi,9927033369
9641445280,9641445280
urmigoswami@upi,9641445280
9451525376,9451525376
patelaadhya@upi,9451525376
9368290911,9368290911
nihalsoman@upi,9368290911
9781338414,9781338414
jalsa37@upi,9781338414
9915684975,9915684975
devansh61@upi,9915684975
9738711379,9738711379
yatin82@upi,9738711379
9113894274,9113894274
sbains@upi,9113894274
9007836490,9007836490
vamakshi87@upi,9007836490
9692552797,9692552797
bishakha20@upi,9692552797
9988913278,9988913278
hemallalla@upi,9988913278
9552337763,9552337763
thamansamarth@upi,9552337763
9432473370,9432473370
nnarayan@upi,9432473370
9720831826,9720831826
jhabhavya@upi,9720831826
9620805495,9620805495
iyerojasvi@upi,9620805495
9562679527,9562679527
mangatdhruv@upi,9562679527
9413409595,9413409595
meghanaamble@upi,9413409595
9904845915,9904845915
nayakwahab@upi,9904845915
9569076123,9569076123
jagat44@upi,9569076123
9613879165,9613879165
bakhshi28@upi,9613879165
9106672436,9106672436
choudharysaanvi@upi,9106672436
9910619958,9910619958
qedwin@upi,9910619958
9636579261,9636579261
neel90@upi,9636579261
9706517113,9706517113
hredhaan48@upi,9706517113
9661970877,9661970877
warhi15@upi,9661970877
9723948025,9723948025
eesha58@upi,9723948025
9057062130,9057062130
sathebaljiwan@upi,9057062130
9251924510,9251924510
ipandit@upi,9251924510
9189008337,9189008337
brarelijah@upi,9189008337
9921873448,9921873448
liamtrivedi@upi,9921873448
9095950087,9095950087
luke99@upi,9095950087
9182010086,9182010086
advik18@upi,9182010086
9819729399,9819729399
aachal27@upi,9819729399
9327371243,9327371243
mukhopadhyayjack@upi,9327371243
9562254266,9562254266
oni66@upi,9562254266
9925397865,9925397865
imani@upi,9925397865
9886247321,9886247321
uvasa@upi,9886247321
9075020416,9075020416
ikapoor@upi,9075020416
9736840619,9736840619
ikshitaissac@upi,9736840619
9470138106,9470138106
tbhardwaj@upi,9470138106
9402438050,9402438050
divya58@upi,9402438050
9770490673,9770490673
champak17@upi,9770490673
9556214443,9556214443
dhritiatwal@upi,9556214443
9021337833,9021337833
vaidyalogan@upi,9021337833
9156490709,9156490709
mohammedsavant@upi,9156490709
9350335680,9350335680
drai@upi,9350335680
9528657624,9528657624
dadachakradhar@upi,9528657624
9120335120,9120335120
patrickkuruvilla@upi,9120335120
9001971594,9001971594
dasguptabalendra@upi,9001971594
9603424007,9603424007
anthonybhasin@upi,9603424007
9955420533,9955420533
jeremiahmemon@upi,9955420533
9804580401,9804580401
yashica84@upi,9804580401
9539773000,9539773000
samraarunima@upi,9539773000
9819709768,9819709768
rgulati@upi,9819709768
9081392335,9081392335
kevindutt@upi,9081392335
9232997749,9232997749
nirja02@upi,9232997749
9704583586,9704583586
vasatika07@upi,9704583586
9544975157,9544975157
janinisha@upi,9544975157
9290816302,9290816302
tjha@upi,9290816302
9971996767,9971996767
ubika99@upi,9971996767
9587463342,9587463342
chanakyabala@upi,9587463342
9260628721,9260628721
zilmilvala@upi,9260628721
9676650588,9676650588
tanish61@upi,9676650588
9025067408,9025067408
qramanathan@upi,9025067408
9213278016,9213278016
rajagopalanvi@upi,9213278016
9375742874,9375742874
chaitanya83@upi,9375742874
9597685625,9597685625
bhavini64@upi,9597685625
9651699247,9651699247
xgandhi@upi,9651699247
9490684265,9490684265
gollatejas@upi,9490684265
9834826825,9834826825
qushimitra@upi,9834826825
9485847011,9485847011
jnagar@upi,9485847011
9745052567,9745052567
zachariachasmum@upi,9745052567
9865140121,9865140121
shivanibanik@upi,9865140121
9983671609,9983671609
yuvrajgupta@upi,9983671609
9468748835,9468748835
jsura@upi,9468748835
9002978753,9002978753
aamble@upi,9002978753
9489144098,9489144098
rpathak@upi,9489144098
9833355085,9833355085
wsolanki@upi,9833355085
9514856229,9514856229
madansamaksh@upi,9514856229
9934372835,9934372835
pingleomaja@upi,9934372835
9833390099,9833390099
gopal44@upi,9833390099
9589598530,9589598530
pranit80@upi,9589598530
9929695123,9929695123
zbajwa@upi,9929695123
9853795114,9853795114
falan01@upi,9853795114
9582938523,9582938523
anvi70@upi,9582938523
9631036891,9631036891
goledeepa@upi,9631036891
9163673270,9163673270
modyfalguni@upi,9163673270
9591218852,9591218852
prasadpratyush@upi,9591218852
9241105711,9241105711
wyatt76@upi,9241105711
9975975918,9975975918
hredhaan14@upi,9975975918
9481010893,9481010893
wseshadri@upi,9481010893
9183586783,9183586783
ndasgupta@upi,9183586783
9394154958,9394154958
samarthchokshi@upi,9394154958
9919108073,9919108073
mannanryan@upi,9919108073
9993223299,9993223299
ocherian@upi,9993223299
9954882339,9954882339
lghose@upi,9954882339
9457706949,9457706949
chandguneet@upi,9457706949
9925714244,9925714244
baghyawatikar@upi,9925714244
9707126885,9707126885
dubeykaran@upi,9707126885
9480993572,9480993572
hmuni@upi,9480993572
9105343128,9105343128
zmajumdar@upi,9105343128
9870151534,9870151534
zayan77@upi,9870151534
9508938741,9508938741
nchawla@upi,9508938741
9161202577,9161202577
alkachahal@upi,9161202577
9798709592,9798709592
nitesh70@upi,9798709592
9337047649,9337047649
dugarbishakha@upi,9337047649
9705629519,9705629519
osagar@upi,9705629519
9391101258,9391101258
tanish97@upi,9391101258
9290181585,9290181585
modysai@upi,9290181585
9309176245,9309176245
vigjairaj@upi,9309176245
9114542068,9114542068
murtyradhika@upi,9114542068
9876010337,9876010337
waida57@upi,9876010337
9854947319,9854947319
gayathri23@upi,9854947319
9217455501,9217455501
adyajain@upi,9217455501
9364091457,9364091457
radhakrishnanrachit@upi,9364091457
9527600495,9527600495
mitali95@upi,9527600495
9500923243,9500923243
wardasoni@upi,9500923243
9525089424,9525089424
yahvitailor@upi,9525089424
9032926051,9032926051
chakrabartisamarth@upi,9032926051
9581891703,9581891703
ukhurana@upi,9581891703
9750044653,9750044653
janya19@upi,9750044653
9293480844,9293480844
dhruv18@upi,9293480844
9257827965,9257827965
nshankar@upi,9257827965
9462451088,9462451088
rnath@upi,9462451088
9522749968,9522749968
nmandal@upi,9522749968
9052116857,9052116857
chadwarinder@upi,9052116857
9127967516,9127967516
manthan74@upi,9127967516
9419499003,9419499003
henrymenon@upi,9419499003
9220969700,9220969700
dkanda@upi,9220969700
9495481440,9495481440
anikagopal@upi,9495481440
9003474782,9003474782
prakashbhanumati@upi,9003474782
9636952352,9636952352
khoslahemal@upi,9636952352
9366850427,9366850427
ahegde@upi,9366850427
9235973021,9235973021
semteerth@upi,9235973021
9603548538,9603548538
kmangat@upi,9603548538
9712239771,9712239771
kotaunni@upi,9712239771
9904918041,9904918041
ekalinga77@upi,9904918041
9582184249,9582184249
gagandey@upi,9582184249
9683509307,9683509307
harrison85@upi,9683509307
9515434515,9515434515
hpatel@upi,9515434515
9007309220,9007309220
baljiwan69@upi,9007309220
9495274785,9495274785
jhalakperi@upi,9495274785
9207971522,9207971522
riasuresh@upi,9207971522
9935410186,9935410186
sekhonrachita@upi,9935410186
9968318989,9968318989
bhavna58@upi,9968318989
9691846146,9691846146
yauvani39@upi,9691846146
9113920361,9113920361
sraval@upi,9113920361
9797449946,9797449946
tanvi78@upi,9797449946
9119797995,9119797995
ekaraj32@upi,9119797995
9884354408,9884354408
yvarty@upi,9884354408
9111007715,9111007715
doshijeremiah@upi,9111007715
9468349143,9468349143
bhatttarak@upi,9468349143
9279052515,9279052515
ramachandranvasana@upi,9279052515
9664047688,9664047688
dmerchant@upi,9664047688
9078522433,9078522433
uloke@upi,9078522433
9780874168,9780874168
sbhavsar@upi,9780874168
9331760225,9331760225
dhriti23@upi,9331760225
9271253582,9271253582
vaishnavitara@upi,9271253582
9905802164,9905802164
ikaul@upi,9905802164
9656939039,9656939039
modyadvika@upi,9656939039
9123825217,9123825217
lborde@upi,9123825217
9655734481,9655734481
advaysahota@upi,9655734481
9556161246,9556161246
kabir98@upi,9556161246
9252995406,9252995406
yuvraj24@upi,9252995406
9002468794,9002468794
mkota@upi,9002468794
9876475967,9876475967
tbaral@upi,9876475967
9947875390,9947875390
niharikabhat@upi,9947875390
9726000597,9726000597
lmital@upi,9726000597
9213633365,9213633365
wgarde@upi,9213633365
9861985877,9861985877
raksha36@upi,9861985877
9233839146,9233839146
garariya@upi,9233839146
9297302785,9297302785
anmolthaker@upi,9297302785
9420863611,9420863611
girishdeshpande@upi,9420863611
9031225357,9031225357
ykapur@upi,9031225357
9206752746,9206752746
xsachar@upi,9206752746
9714322405,9714322405
reva72@upi,9714322405
9336062305,9336062305
nandini88@upi,9336062305
9983142650,9983142650
nandaaryan@upi,9983142650
9789162925,9789162925
bkanda@upi,9789162925
9619076686,9619076686
abhiramvig@upi,9619076686
9287968855,9287968855
nazarethdamini@upi,9287968855
9349352957,9349352957
saumya98@upi,9349352957
9986505771,9986505771
anay36@upi,9986505771
9248477233,9248477233
bosexalak@upi,9248477233
9182077024,9182077024
eesha30@upi,9182077024
9349613120,9349613120
guneetlata@upi,9349613120
9514716369,9514716369
zpall@upi,9514716369
9905828031,9905828031
mayasuri@upi,9905828031
9437723988,9437723988
qabil75@upi,9437723988
9527246581,9527246581
sethitriveni@upi,9527246581
9873173192,9873173192
shankarkamala@upi,9873173192
9167649836,9167649836
abhachatterjee@upi,9167649836
9808594706,9808594706
brijesh10@upi,9808594706
9318467976,9318467976
patilzehaan@upi,9318467976
9707711861,9707711861
keerabha@upi,9707711861
9526824044,9526824044
pingleforum@upi,9526824044
9569898253,9569898253
dhawanbishakha@upi,9569898253
9613098257,9613098257
ishita92@upi,9613098257
9616289158,9616289158
schander@upi,9616289158
9411207999,9411207999
wsundaram@upi,9411207999
9784533346,9784533346
harshdube@upi,9784533346
9446485809,9446485809
munizehaan@upi,9446485809
9834003292,9834003292
girindra52@upi,9834003292
9278250200,9278250200
indiraravi@upi,9278250200
9974168056,9974168056
neelimabalay@upi,9974168056
9794873598,9794873598
borajagdish@upi,9794873598
9586592627,9586592627
jai68@upi,9586592627
9754074724,9754074724
khannaekani@upi,9754074724
9587103048,9587103048
facharya@upi,9587103048
9273451778,9273451778
jchakrabarti@upi,9273451778
9386896000,9386896000
ektachand@upi,9386896000
9428025968,9428025968
kevinraja@upi,9428025968
9834444548,9834444548
hsagar@upi,9834444548
9343853185,9343853185
rajagopalnisha@upi,9343853185
9819214001,9819214001
teerthhalder@upi,9819214001
9210244612,9210244612
braranamika@upi,9210244612
9183357251,9183357251
pbir@upi,9183357251
9614873003,9614873003
vbhatnagar@upi,9614873003
9451862998,9451862998
jnarasimhan@upi,9451862998
9576172543,9576172543
damini19@upi,9576172543
9863248414,9863248414
jagvigoel@upi,9863248414
9274610699,9274610699
wsami@upi,9274610699
9158252827,9158252827
ansh65@upi,9158252827
9615796546,9615796546
dayalviraj@upi,9615796546
9026954613,9026954613
bhaktakrisha@upi,9026954613
9877776348,9877776348
lsharma@upi,9877776348
9887832742,9887832742
wriddhish67@upi,9887832742
9352364431,9352364431
sudiksha13@upi,9352364431
9592735921,9592735921
samraakshay@upi,9592735921
9291560480,9291560480
deoldevansh@upi,9291560480
9855390384,9855390384
falankata@upi,9855390384
9308845429,9308845429
vinaya59@upi,9308845429
9688853201,9688853201
atwalrajeshri@upi,9688853201
9623701950,9623701950
murthyyadavi@upi,9623701950
9427417325,9427417325
chasmum65@upi,9427417325
9374975071,9374975071
wmannan@upi,9374975071
9204871729,9204871729
dhawannicholas@upi,9204871729
9200234695,9200234695
gaurichaudhuri@upi,9200234695
9198393549,9198393549
schatterjee@upi,9198393549
9833592143,9833592143
xraman@upi,9833592143
9291807385,9291807385
oeshipandit@upi,9291807385
9678920670,9678920670
bgrover@upi,9678920670
9662136738,9662136738
sundernitara@upi,9662136738
9744055026,9744055026
riya85@upi,9744055026
9213297993,9213297993
esrinivasan@upi,9213297993
9075311300,9075311300
eranganathan@upi,9075311300
9482868447,9482868447
raghav60@upi,9482868447
9234395369,9234395369
umang57@upi,9234395369
9000812852,9000812852
rayekantika@upi,9000812852
9386371955,9386371955
shaharish@upi,9386371955
9891184672,9891184672
khoslaaditya@upi,9891184672
9694458096,9694458096
vsehgal@upi,9694458096
9965191353,9965191353
dattabhavna@upi,9965191353
9468692379,9468692379
matthew58@upi,9468692379
9576957454,9576957454
bhanumatihayer@upi,9576957454
9874249954,9874249954
desaianusha@upi,9874249954
9260117805,9260117805
isharattan@upi,9260117805
9955906003,9955906003
rchaudhary@upi,9955906003
9623068655,9623068655
jbandi@upi,9623068655
9119689122,9119689122
ksolanki@upi,9119689122
9227813809,9227813809
krishmishra@upi,9227813809
9776329597,9776329597
ranganathanhenry@upi,9776329597
9325983817,9325983817
raudalbir@upi,9325983817
9266407928,9266407928
madhav62@upi,9266407928
9524486938,9524486938
jacksonbalan@upi,9524486938
9892195305,9892195305
mgoyal@upi,9892195305
9137678825,9137678825
bachittar25@upi,9137678825
9076549771,9076549771
sulegunbir@upi,9076549771
9745386561,9745386561
kadejalsa@upi,9745386561
9673261224,9673261224
vasahenry@upi,9673261224
9423639948,9423639948
deshpandeniharika@upi,9423639948
9404914720,9404914720
rakshaborah@upi,9404914720
9008722810,9008722810
dugarfaqid@upi,9008722810
9507598515,9507598515
parikhucchal@upi,9507598515
9835358094,9835358094
ramjonathan@upi,9835358094
9027966628,9027966628
kapurayaan@upi,9027966628
9822092764,9822092764
chokshiekaja@upi,9822092764
9717964393,9717964393
keyatripathi@upi,9717964393
9572427103,9572427103
hmodi@upi,9572427103
9108252674,9108252674
krishnadin@upi,9108252674
9863626383,9863626383
tchawla@upi,9863626383
9566917456,9566917456
forumdalia@upi,9566917456
9471958575,9471958575
bhavinimurthy@upi,9471958575
9757105317,9757105317
bhasintanvi@upi,9757105317
9551393227,9551393227
shansuhani@upi,9551393227
9539232741,9539232741
geraamara@upi,9539232741
9193547286,9193547286
chandanigade@upi,9193547286
9462913511,9462913511
qushikamdar@upi,9462913511
9432465738,9432465738
ambleliam@upi,9432465738
9648698389,9648698389
jyoti18@upi,9648698389
9453985457,9453985457
banerjeerayaan@upi,9453985457
9317391614,9317391614
vasatikazachariah@upi,9317391614
9998681300,9998681300
subramaniantheodore@upi,9998681300
9858539967,9858539967
gardebalveer@upi,9858539967
9795042893,9795042893
aptemohammed@upi,9795042893
9790275345,9790275345
rdayal@upi,9790275345
9089204157,9089204157
mangalikbal@upi,9089204157
9200842411,9200842411
hemang56@upi,9200842411
9485267539,9485267539
girishwali@upi,9485267539
9665069854,9665069854
ogupta@upi,9665069854
9431862585,9431862585
dayamai85@upi,9431862585
9961618335,9961618335
vsane@upi,9961618335
9826643843,9826643843
gbansal@upi,9826643843
9256575052,9256575052
khannabalveer@upi,9256575052
9535106651,9535106651
anmol24@upi,9535106651
9383027006,9383027006
raidhruv@upi,9383027006
9810056905,9810056905
balvan95@upi,9810056905
9841230544,9841230544
david08@upi,9841230544
9673417670,9673417670
ssamra@upi,9673417670
9334017043,9334017043
venkateshkrishna@upi,9334017043
9873599794,9873599794
pavanikhanna@upi,9873599794
9768160718,9768160718
guhaurishilla@upi,9768160718
9065301484,9065301484
naikjoshua@upi,9065301484
9943604188,9943604188
fbiswas@upi,9943604188
9373613848,9373613848
chaitanyabuch@upi,9373613848
9680479553,9680479553
balakrishnanyamini@upi,9680479553
9601311183,9601311183
dsridhar@upi,9601311183
9339899280,9339899280
gangulyupma@upi,9339899280
9177920452,9177920452
panchalzinal@upi,9177920452
9521820994,9521820994
chavvi07@upi,9521820994
9130186709,9130186709
nattshaurya@upi,9130186709
9785939510,9785939510
comarridhi@upi,9785939510
9215138019,9215138019
saide@upi,9215138019
9871873991,9871873991
anshborah@upi,9871873991
9798271778,9798271778
xbobal@upi,9798271778
9677217388,9677217388
parmeraahana@upi,9677217388
9933390585,9933390585
zkhalsa@upi,9933390585
9805634296,9805634296
uprabhakar@upi,9805634296
9587008315,9587008315
qasim83@upi,9587008315
9784541701,9784541701
maanavsubramaniam@upi,9784541701
9067351927,9067351927
vyanjanabuch@upi,9067351927
9420515785,9420515785
aarnajohal@upi,9420515785
9594924991,9594924991
srinivasabeer@upi,9594924991
9476913647,9476913647
ajani@upi,9476913647
9974289528,9974289528
dtripathi@upi,9974289528
9985200539,9985200539
rmadan@upi,9985200539
9542905882,9542905882
sjani@upi,9542905882
9389276201,9389276201
dseshadri@upi,9389276201
9988853930,9988853930
nitara56@upi,9988853930
9783601253,9783601253
logannaidu@upi,9783601253
9118141811,9118141811
neel66@upi,9118141811
9868498624,9868498624
balomkaar@upi,9868498624
9231347176,9231347176
kadakiadayamai@upi,9231347176
9328570169,9328570169
devika50@upi,9328570169
9651614051,9651614051
rbadami@upi,9651614051
9023392439,9023392439
igupta@upi,9023392439
9836051835,9836051835
vdugar@upi,9836051835
9816663121,9816663121
widisharamaswamy@upi,9816663121
9279851207,9279851207
warinder89@upi,9279851207
9951468336,9951468336
nicholas33@upi,9951468336
9328742878,9328742878
osarma@upi,9328742878
9065105025,9065105025
ikbal30@upi,9065105025
9484655639,9484655639
ishwar88@upi,9484655639
9249363568,9249363568
qganesan@upi,9249363568
9897114683,9897114683
kkata@upi,9897114683
9063565541,9063565541
issacraksha@upi,9063565541
9967256212,9967256212
lakshitsanghvi@upi,9967256212
9824810215,9824810215
ssaxena@upi,9824810215
9156043823,9156043823
ijaya67@upi,9156043823
9793735024,9793735024
aviparmer@upi,9793735024
9024452049,9024452049
anshpal@upi,9024452049
9008584061,9008584061
abhiram75@upi,9008584061
9543282721,9543282721
gangulybanjeet@upi,9543282721
9052861995,9052861995
ishaan67@upi,9052861995
9323687193,9323687193
gardejagrati@upi,9323687193
9657812846,9657812846
kuruvillaisaiah@upi,9657812846
9114968431,9114968431
singhshaurya@upi,9114968431
9440101408,9440101408
kashvimahajan@upi,9440101408
9654919306,9654919306
dadavrinda@upi,9654919306
9568945147,9568945147
manyathakur@upi,9568945147
9037548430,9037548430
daniel61@upi,9037548430
9481905306,9481905306
meghanakapur@upi,9481905306
9257114068,9257114068
priyanatt@upi,9257114068
9015589230,9015589230
prege@upi,9015589230
9487170800,9487170800
dugarshravya@upi,9487170800
9504320487,9504320487
adya21@upi,9504320487
9040444112,9040444112
riya01@upi,9040444112
9148804543,9148804543
yaminibhatnagar@upi,9148804543
9699709622,9699709622
regesaanvi@upi,9699709622
9295361047,9295361047
yashicakapur@upi,9295361047
9070145149,9070145149
nyohannan@upi,9070145149
9190777522,9190777522
munijasmit@upi,9190777522
9752820266,9752820266
vanshaanand@upi,9752820266
9343802201,9343802201
jatin98@upi,9343802201
9330434633,9330434633
abhiram24@upi,9330434633
9891403278,9891403278
yoshitabatra@upi,9891403278
9014685172,9014685172
aayush24@upi,9014685172
9814488986,9814488986
dashekavir@upi,9814488986
9013502707,9013502707
galaisaac@upi,9013502707
9048671311,9048671311
xmitra@upi,9048671311
9246656522,9246656522
parsaayushman@upi,9246656522
9395008160,9395008160
rkant@upi,9395008160
9279542355,9279542355
bimala77@upi,9279542355
9662883030,9662883030
ladanthony@upi,9662883030
9898508685,9898508685
osidhu@upi,9898508685
9028267486,9028267486
garimagolla@upi,9028267486
9253232817,9253232817
gabrieltak@upi,9253232817
9199646627,9199646627
galayochana@upi,9199646627
9973381637,9973381637
singhudant@upi,9973381637
9809362966,9809362966
ramanathannirja@upi,9809362966
9378012248,9378012248
nandawakeeta@upi,9378012248
9815172061,9815172061
rishi55@upi,9815172061
9271401903,9271401903
eganesh@upi,9271401903
9731033395,9731033395
devika43@upi,9731033395
9192035917,9192035917
anjalikara@upi,9192035917
9602138521,9602138521
saranzansi@upi,9602138521
9963616536,9963616536
duachakrika@upi,9963616536
9254819907,9254819907
gautam72@upi,9254819907
9872663192,9872663192
matthewlata@upi,9872663192
9096395260,9096395260
thora@upi,9096395260
9559321940,9559321940
ganesanhitesh@upi,9559321940
9814631059,9814631059
samakshshukla@upi,9814631059
9391686645,9391686645
reyanshmenon@upi,9391686645
9048184584,9048184584
cherianinaya@upi,9048184584
9540384926,9540384926
turvi76@upi,9540384926
9770179112,9770179112
wrideshsengupta@upi,9770179112
9533492995,9533492995
pahalbhavsar@upi,9533492995
9727226471,9727226471
bamble@upi,9727226471
9429522889,9429522889
nakul15@upi,9429522889
9396454436,9396454436
kkrishnamurthy@upi,9396454436
9584242489,9584242489
surchakradhar@upi,9584242489
9333160902,9333160902
dhruvde@upi,9333160902
9511976381,9511976381
wvarty@upi,9511976381
9681618901,9681618901
widisha49@upi,9681618901
9402819790,9402819790
raksha03@upi,9402819790
9284186415,9284186415
ahujaazaan@upi,9284186415
9337468903,9337468903
hiralbahri@upi,9337468903
9735076512,9735076512
upkaarpingle@upi,9735076512
9035922148,9035922148
zvora@upi,9035922148
9384008626,9384008626
palanekaraj@upi,9384008626
9193850480,9193850480
kala21@upi,9193850480
9695427713,9695427713
ranveer60@upi,9695427713
9586623614,9586623614
mohammedsrinivas@upi,9586623614
9714201071,9714201071
tparmar@upi,9714201071
9127329558,9127329558
zdixit@upi,9127329558
9573060504,9573060504
waida55@upi,9573060504
9108870955,9108870955
yashicarastogi@upi,9108870955
9917643972,9917643972
urishilla62@upi,9917643972
9857618754,9857618754
yashica37@upi,9857618754
9666442915,9666442915
ikibe@upi,9666442915
9353907400,9353907400
darika92@upi,9353907400
9169655864,9169655864
dtaneja@upi,9169655864
9647059068,9647059068
yadavidugar@upi,9647059068
9218695154,9218695154
gaurang20@upi,9218695154
9343646379,9343646379
shauryanagarajan@upi,9343646379
9245911056,9245911056
daveazaan@upi,9245911056
9502624719,9502624719
yatankota@upi,9502624719
9406125313,9406125313
rajagopalancharles@upi,9406125313
9199512086,9199512086
unnatiwagle@upi,9199512086
9292869007,9292869007
balansai@upi,9292869007
9299090911,9299090911
chokshiisaac@upi,9299090911
9911135766,9911135766
dwali@upi,9911135766
9517600235,9517600235
choudhurysanaya@upi,9517600235
9585932222,9585932222
paiamara@upi,9585932222
9974178400,9974178400
mannetejas@upi,9974178400
9342606616,9342606616
onkar82@upi,9342606616
9364540204,9364540204
alexander82@upi,9364540204
9274004854,9274004854
jonathankhare@upi,9274004854
9800529753,9800529753
lekha01@upi,9800529753
9743555336,9743555336
zagrawal@upi,9743555336
9967287288,9967287288
dayamaidoctor@upi,9967287288
9981781444,9981781444
banjeet07@upi,9981781444
9188404618,9188404618
agastya25@upi,9188404618
9050884189,9050884189
diya84@upi,9050884189
9801970920,9801970920
singhaashi@upi,9801970920
9806584807,9806584807
balveer54@upi,9806584807
9580143749,9580143749
brinda39@upi,9580143749
9476572146,9476572146
gayathri42@upi,9476572146
9240686122,9240686122
patelshivansh@upi,9240686122
9820738580,9820738580
chandaniseshadri@upi,9820738580
9174427652,9174427652
rayaan02@upi,9174427652
9884520326,9884520326
dnori@upi,9884520326
9638941365,9638941365
chaaya64@upi,9638941365
9347052967,9347052967
sanayadara@upi,9347052967
9822745513,9822745513
hparmar@upi,9822745513
9739047311,9739047311
muniekani@upi,9739047311
9328566276,9328566276
mitraabdul@upi,9328566276
9098471173,9098471173
tripathifrederick@upi,9098471173
9282096728,9282096728
lokeyochana@upi,9282096728
9992557047,9992557047
nachiket67@upi,9992557047
9829662079,9829662079
aryanadig@upi,9829662079
9960574125,9960574125
tamanna27@upi,9960574125
9438228471,9438228471
ansh85@upi,9438228471
9362272684,9362272684
vaishnavishroff@upi,9362272684
9623092322,9623092322
anaybassi@upi,9623092322
9088410525,9088410525
muttizarna@upi,9088410525
9953419276,9953419276
igarg@upi,9953419276
9808579845,9808579845
advay44@upi,9808579845
9695618974,9695618974
shroffosha@upi,9695618974
9797758127,9797758127
memonisaiah@upi,9797758127
9661642277,9661642277
hvenkataraman@upi,9661642277
9623871285,9623871285
zbaral@upi,9623871285
9891712996,9891712996
hramanathan@upi,9891712996
9564099477,9564099477
wbasu@upi,9564099477
9837704899,9837704899
christopher87@upi,9837704899
9327888369,9327888369
ikalita@upi,9327888369
9204267814,9204267814
bajwamitali@upi,9204267814
9026804519,9026804519
avni81@upi,9026804519
9129555777,9129555777
aggarwalgabriel@upi,9129555777
9021612144,9021612144
kevinhora@upi,9021612144
9622739459,9622739459
edhithaacharya@upi,9622739459
9521573651,9521573651
jagvi39@upi,9521573651
9763462687,9763462687
ganga23@upi,9763462687
9927402184,9927402184
xkara@upi,9927402184
9664697473,9664697473
udarshsinghal@upi,9664697473
9200139158,9200139158
yashbath@upi,9200139158
9859713678,9859713678
udarshdhillon@upi,9859713678
9188180702,9188180702
qsinghal@upi,9188180702
9641643119,9641643119
zashil00@upi,9641643119
9053036677,9053036677
vivaanhora@upi,9053036677
9950780803,9950780803
achahal@upi,9950780803
9067973962,9067973962
krishna04@upi,9067973962
9175658769,9175658769
saumya68@upi,9175658769
9658966573,9658966573
karan97@upi,9658966573
9977288139,9977288139
munigarima@upi,9977288139
9330833334,9330833334
eesharege@upi,9330833334
9258558771,9258558771
kiaan93@upi,9258558771
9941508100,9941508100
kpillai@upi,9941508100
9744013158,9744013158
ucchalganesh@upi,9744013158
9320016462,9320016462
dipta37@upi,9320016462
9406454159,9406454159
kalahredhaan@upi,9406454159
9991205817,9991205817
anusha49@upi,9991205817
9650960181,9650960181
enagar@upi,9650960181
9459563596,9459563596
raksha64@upi,9459563596
9259995536,9259995536
lnarain@upi,9259995536
9941262446,9941262446
balvan90@upi,9941262446
9971989169,9971989169
mekhala18@upi,9971989169
9597122314,9597122314
bhanumatimunshi@upi,9597122314
9098713669,9098713669
chakradharvarkey@upi,9098713669
9349060795,9349060795
santzaid@upi,9349060795
9683847079,9683847079
dharnathaniel@upi,9683847079
9805487915,9805487915
brinda27@upi,9805487915
9323048675,9323048675
deoltanvi@upi,9323048675
9983519002,9983519002
yatan39@upi,9983519002
9879291207,9879291207
akshay45@upi,9879291207
9595026413,9595026413
chakradhar97@upi,9595026413
9183540946,9183540946
sankaranvarsha@upi,9183540946
9770093141,9770093141
fsibal@upi,9770093141
9274895219,9274895219
sachi68@upi,9274895219
9084209783,9084209783
janakibarman@upi,9084209783
9563850020,9563850020
thakkarkamya@upi,9563850020
9054186775,9054186775
sai41@upi,9054186775
9763919028,9763919028
sahaavni@upi,9763919028
9469763439,9469763439
murtyridhi@upi,9469763439
9222717235,9222717235
qushi33@upi,9222717235
9052248897,9052248897
logan71@upi,9052248897
9200375438,9200375438
karanlibni@upi,9200375438
9792178365,9792178365
yahvisawhney@upi,9792178365
9623121500,9623121500
waidakamdar@upi,9623121500
9103825652,9103825652
tanish35@upi,9103825652
9541651533,9541651533
daniel26@upi,9541651533
9315946182,9315946182
raveloliver@upi,9315946182
9691975020,9691975020
gganguly@upi,9691975020
9892098543,9892098543
advay80@upi,9892098543
9036057232,9036057232
forum60@upi,9036057232
9706566616,9706566616
kamdarosha@upi,9706566616
9565803308,9565803308
mkari@upi,9565803308
9764126252,9764126252
asinghal@upi,9764126252
9265230098,9265230098
bnaidu@upi,9265230098
9818185597,9818185597
yashawini25@upi,9818185597
9904220310,9904220310
ijayawason@upi,9904220310
9872545071,9872545071
smital@upi,9872545071
9029380964,9029380964
jhalakshah@upi,9029380964
9588489595,9588489595
grewalabeer@upi,9588489595
9383110351,9383110351
gbose@upi,9383110351
9472817397,9472817397
gardedipta@upi,9472817397
9388850469,9388850469
sarkarturvi@upi,9388850469
9090925546,9090925546
aayush88@upi,9090925546
9992023872,9992023872
balasubramanianvasana@upi,9992023872
9460888817,9460888817
shroffsachi@upi,9460888817
9048233130,9048233130
garderiya@upi,9048233130
9495458890,9495458890
sratti@upi,9495458890
9622469420,9622469420
waidanarayanan@upi,9622469420
9920240606,9920240606
gadejairaj@upi,9920240606
9992206411,9992206411
omkaarsundaram@upi,9992206411
9524417224,9524417224
cheriannikita@upi,9524417224
9828083255,9828083255
amaira65@upi,9828083255
9590637250,9590637250
mallickmitali@upi,9590637250
9602015781,9602015781
charvi52@upi,9602015781
9648241344,9648241344
rsarma@upi,9648241344
9354125779,9354125779
ranaaahana@upi,9354125779
9487658493,9487658493
rpalla@upi,9487658493
9821259825,9821259825
samuel75@upi,9821259825
9027410813,9027410813
xmukhopadhyay@upi,9027410813
9408119185,9408119185
zinalswamy@upi,9408119185
9983171750,9983171750
upkaar31@upi,9983171750
9416151222,9416151222
wablefaqid@upi,9416151222
9889801878,9889801878
quickpay.mule1@upi,9889801878
9120560038,9120560038
swiftcash.mule2@upi,9120560038
