phone_number,upi_handle
9950712865,alexander71@upi
9626296040,yaminirout@upi
9432789553,vrinda42@upi
9202854808,yashasvi16@upi
9153514440,ldara@upi
9555807068,dnadkarni@upi
9781499194,sagarnathan@upi
9558401725,ldevi@upi
9481103002,rbakshi@upi
9024707036,keerpeter@upi
9640649508,amolpal@upi
9927033369,kalavarenya@upi
9641445280,urmigoswami@upi
9451525376,patelaadhya@upi
9368290911,nihalsoman@upi
9781338414,jalsa37@upi
9915684975,devansh61@upi
9738711379,yatin82@upi
9113894274,sbains@upi
9007836490,vamakshi87@upi
9692552797,bishakha20@upi
9988913278,hemallalla@upi
9552337763,thamansamarth@upi
9432473370,nnarayan@upi
9720831826,jhabhavya@upi
9620805495,iyerojasvi@upi
9562679527,mangatdhruv@upi
9413409595,meghanaamble@upi
9904845915,nayakwahab@upi
9569076123,jagat44@upi
9613879165,bakhshi28@upi
9106672436,choudharysaanvi@upi
9910619958,qedwin@upi
9636579261,neel90@upi
9706517113,hredhaan48@upi
9661970877,warhi15@upi
9723948025,eesha58@upi
9057062130,sathebaljiwan@upi
9251924510,ipandit@upi
9189008337,brarelijah@upi
9921873448,liamtrivedi@upi
9095950087,luke99@upi
9182010086,advik18@upi
9819729399,aachal27@upi
9327371243,mukhopadhyayjack@upi
9562254266,oni66@upi
9925397865,imani@upi
9886247321,uvasa@upi
9075020416,ikapoor@upi
9736840619,ikshitaissac@upi
9470138106,tbhardwaj@upi
9402438050,divya58@upi
9770490673,champak17@upi
9556214443,dhritiatwal@upi
9021337833,vaidyalogan@upi
9156490709,mohammedsavant@upi
9350335680,drai@upi
9528657624,dadachakradhar@upi
9120335120,patrickkuruvilla@upi
9001971594,dasguptabalendra@upi
9603424007,anthonybhasin@upi
9955420533,jeremiahmemon@upi
9804580401,yashica84@upi
9539773000,samraarunima@upi
9819709768,rgulati@upi
9081392335,kevindutt@upi
9232997749,nirja02@upi
9704583586,vasatika07@upi
9544975157,janinisha@upi
9290816302,tjha@upi
9971996767,ubika99@upi
9587463342,chanakyabala@upi
9260628721,zilmilvala@upi
9676650588,tanish61@upi
9025067408,qramanathan@upi
9213278016,rajagopalanvi@upi
9375742874,chaitanya83@upi
9597685625,bhavini64@upi
9651699247,xgandhi@upi
9490684265,gollatejas@upi
9834826825,qushimitra@upi
9485847011,jnagar@upi
9745052567,zachariachasmum@upi
9865140121,shivanibanik@upi
9983671609,yuvrajgupta@upi
9468748835,jsura@upi
9002978753,aamble@upi
9489144098,rpathak@upi
9833355085,wsolanki@upi
9514856229,madansamaksh@upi
9934372835,pingleomaja@upi
9833390099,gopal44@upi
9589598530,pranit80@upi
9929695123,zbajwa@upi
9853795114,falan01@upi
9582938523,anvi70@upi
9631036891,goledeepa@upi
9163673270,modyfalguni@upi
9591218852,prasadpratyush@upi
9241105711,wyatt76@upi
9975975918,hredhaan14@upi
9481010893,wseshadri@upi
9183586783,ndasgupta@upi
9394154958,samarthchokshi@upi
9919108073,mannanryan@upi
9993223299,ocherian@upi
9954882339,lghose@upi
9457706949,chandguneet@upi
9925714244,baghyawatikar@upi
9707126885,dubeykaran@upi
9480993572,hmuni@upi
9105343128,zmajumdar@upi
9870151534,zayan77@upi
9508938741,nchawla@upi
9161202577,alkachahal@upi
9798709592,nitesh70@upi
9337047649,dugarbishakha@upi
9705629519,osagar@upi
9391101258,tanish97@upi
9290181585,modysai@upi
9309176245,vigjairaj@upi
9114542068,murtyradhika@upi
9876010337,waida57@upi
9854947319,gayathri23@upi
9217455501,adyajain@upi
9364091457,radhakrishnanrachit@upi
9527600495,mitali95@upi
9500923243,wardasoni@upi
9525089424,yahvitailor@upi
9032926051,chakrabartisamarth@upi
9581891703,ukhurana@upi
9750044653,janya19@upi
9293480844,dhruv18@upi
9257827965,nshankar@upi
9462451088,rnath@upi
9522749968,nmandal@upi
9052116857,chadwarinder@upi
9127967516,manthan74@upi
9419499003,henrymenon@upi
9220969700,dkanda@upi
9495481440,anikagopal@upi
9003474782,prakashbhanumati@upi
9636952352,khoslahemal@upi
9366850427,ahegde@upi
9235973021,semteerth@upi
9603548538,kmangat@upi
9712239771,kotaunni@upi
9904918041,ekalinga77@upi
9582184249,gagandey@upi
9683509307,harrison85@upi
9515434515,hpatel@upi
9007309220,baljiwan69@upi
9495274785,jhalakperi@upi
9207971522,riasuresh@upi
9935410186,sekhonrachita@upi
9968318989,bhavna58@upi
9691846146,yauvani39@upi
9113920361,sraval@upi
9797449946,tanvi78@upi
9119797995,ekaraj32@upi
9884354408,yvarty@upi
9111007715,doshijeremiah@upi
9468349143,bhatttarak@upi
9279052515,ramachandranvasana@upi
9664047688,dmerchant@upi
9078522433,uloke@upi
9780874168,sbhavsar@upi
9331760225,dhriti23@upi
9271253582,vaishnavitara@upi
9905802164,ikaul@upi
9656939039,modyadvika@upi
9123825217,lborde@upi
9655734481,advaysahota@upi
9556161246,kabir98@upi
9252995406,yuvraj24@upi
9002468794,mkota@upi
9876475967,tbaral@upi
9947875390,niharikabhat@upi
9726000597,lmital@upi
9213633365,wgarde@upi
9861985877,raksha36@upi
9233839146,garariya@upi
9297302785,anmolthaker@upi
9420863611,girishdeshpande@upi
9031225357,ykapur@upi
9206752746,xsachar@upi
9714322405,reva72@upi
9336062305,nandini88@upi
9983142650,nandaaryan@upi
9789162925,bkanda@upi
9619076686,abhiramvig@upi
9287968855,nazarethdamini@upi
9349352957,saumya98@upi
9986505771,anay36@upi
9248477233,bosexalak@upi
9182077024,eesha30@upi
9349613120,guneetlata@upi
9514716369,zpall@upi
9905828031,mayasuri@upi
9437723988,qabil75@upi
9527246581,sethitriveni@upi
9873173192,shankarkamala@upi
9167649836,abhachatterjee@upi
9808594706,brijesh10@upi
9318467976,patilzehaan@upi
9707711861,keerabha@upi
9526824044,pingleforum@upi
9569898253,dhawanbishakha@upi
9613098257,ishita92@upi
9616289158,schander@upi
9411207999,wsundaram@upi
9784533346,harshdube@upi
9446485809,munizehaan@upi
9834003292,girindra52@upi
9278250200,indiraravi@upi
9974168056,neelimabalay@upi
9794873598,borajagdish@upi
9586592627,jai68@upi
9754074724,khannaekani@upi
9587103048,facharya@upi
9273451778,jchakrabarti@upi
9386896000,ektachand@upi
9428025968,kevinraja@upi
9834444548,hsagar@upi
9343853185,rajagopalnisha@upi
9819214001,teerthhalder@upi
9210244612,braranamika@upi
9183357251,pbir@upi
9614873003,vbhatnagar@upi
9451862998,jnarasimhan@upi
9576172543,damini19@upi
9863248414,jagvigoel@upi
9274610699,wsami@upi
9158252827,ansh65@upi
9615796546,dayalviraj@upi
9026954613,bhaktakrisha@upi
9877776348,lsharma@upi
9887832742,wriddhish67@upi
9352364431,sudiksha13@upi
9592735921,samraakshay@upi
9291560480,deoldevansh@upi
9855390384,falankata@upi
9308845429,vinaya59@upi
9688853201,atwalrajeshri@upi
9623701950,murthyyadavi@upi
9427417325,chasmum65@upi
9374975071,wmannan@upi
9204871729,dhawannicholas@upi
9200234695,gaurichaudhuri@upi
9198393549,schatterjee@upi
9833592143,xraman@upi
9291807385,oeshipandit@upi
9678920670,bgrover@upi
9662136738,sundernitara@upi
9744055026,riya85@upi
9213297993,esrinivasan@upi
9075311300,eranganathan@upi
9482868447,raghav60@upi
9234395369,umang57@upi
9000812852,rayekantika@upi
9386371955,shaharish@upi
9891184672,khoslaaditya@upi
9694458096,vsehgal@upi
9965191353,dattabhavna@upi
9468692379,matthew58@upi
9576957454,bhanumatihayer@upi
9874249954,desaianusha@upi
9260117805,isharattan@upi
9955906003,rchaudhary@upi
9623068655,jbandi@upi
9119689122,ksolanki@upi
9227813809,krishmishra@upi
9776329597,ranganathanhenry@upi
9325983817,raudalbir@upi
9266407928,madhav62@upi
9524486938,jacksonbalan@upi
9892195305,mgoyal@upi
9137678825,bachittar25@upi
9076549771,sulegunbir@upi
9745386561,kadejalsa@upi
9673261224,vasahenry@upi
9423639948,deshpandeniharika@upi
9404914720,rakshaborah@upi
9008722810,dugarfaqid@upi
9507598515,parikhucchal@upi
9835358094,ramjonathan@upi
9027966628,kapurayaan@upi
9822092764,chokshiekaja@upi
9717964393,keyatripathi@upi
9572427103,hmodi@upi
9108252674,krishnadin@upi
9863626383,tchawla@upi
9566917456,forumdalia@upi
9471958575,bhavinimurthy@upi
9757105317,bhasintanvi@upi
9551393227,shansuhani@upi
9539232741,geraamara@upi
9193547286,chandanigade@upi
9462913511,qushikamdar@upi
9432465738,ambleliam@upi
9648698389,jyoti18@upi
9453985457,banerjeerayaan@upi
9317391614,vasatikazachariah@upi
9998681300,subramaniantheodore@upi
9858539967,gardebalveer@upi
9795042893,aptemohammed@upi
9790275345,rdayal@upi
9089204157,mangalikbal@upi
9200842411,hemang56@upi
9485267539,girishwali@upi
9665069854,ogupta@upi
9431862585,dayamai85@upi
9961618335,vsane@upi
9826643843,gbansal@upi
9256575052,khannabalveer@upi
9535106651,anmol24@upi
9383027006,raidhruv@upi
9810056905,balvan95@upi
9841230544,david08@upi
9673417670,ssamra@upi
9334017043,venkateshkrishna@upi
9873599794,pavanikhanna@upi
9768160718,guhaurishilla@upi
9065301484,naikjoshua@upi
9943604188,fbiswas@upi
9373613848,chaitanyabuch@upi
9680479553,balakrishnanyamini@upi
9601311183,dsridhar@upi
9339899280,gangulyupma@upi
9177920452,panchalzinal@upi
9521820994,chavvi07@upi
9130186709,nattshaurya@upi
9785939510,comarridhi@upi
9215138019,saide@upi
9871873991,anshborah@upi
9798271778,xbobal@upi
9677217388,parmeraahana@upi
9933390585,zkhalsa@upi
9805634296,uprabhakar@upi
9587008315,qasim83@upi
9784541701,maanavsubramaniam@upi
9067351927,vyanjanabuch@upi
9420515785,aarnajohal@upi
9594924991,srinivasabeer@upi
9476913647,ajani@upi
9974289528,dtripathi@upi
9985200539,rmadan@upi
9542905882,sjani@upi
9389276201,dseshadri@upi
9988853930,nitara56@upi
9783601253,logannaidu@upi
9118141811,neel66@upi
9868498624,balomkaar@upi
9231347176,kadakiadayamai@upi
9328570169,devika50@upi
9651614051,rbadami@upi
9023392439,igupta@upi
9836051835,vdugar@upi
9816663121,widisharamaswamy@upi
9279851207,warinder89@upi
9951468336,nicholas33@upi
9328742878,osarma@upi
9065105025,ikbal30@upi
9484655639,ishwar88@upi
9249363568,qganesan@upi
9897114683,kkata@upi
9063565541,issacraksha@upi
9967256212,lakshitsanghvi@upi
9824810215,ssaxena@upi
9156043823,ijaya67@upi
9793735024,aviparmer@upi
9024452049,anshpal@upi
9008584061,abhiram75@upi
9543282721,gangulybanjeet@upi
9052861995,ishaan67@upi
9323687193,gardejagrati@upi
9657812846,kuruvillaisaiah@upi
9114968431,singhshaurya@upi
9440101408,kashvimahajan@upi
9654919306,dadavrinda@upi
9568945147,manyathakur@upi
9037548430,daniel61@upi
9481905306,meghanakapur@upi
9257114068,priyanatt@upi
9015589230,prege@upi
9487170800,dugarshravya@upi
9504320487,adya21@upi
9040444112,riya01@upi
9148804543,yaminibhatnagar@upi
9699709622,regesaanvi@upi
9295361047,yashicakapur@upi
9070145149,nyohannan@upi
9190777522,munijasmit@upi
9752820266,vanshaanand@upi
9343802201,jatin98@upi
9330434633,abhiram24@upi
9891403278,yoshitabatra@upi
9014685172,aayush24@upi
9814488986,dashekavir@upi
9013502707,galaisaac@upi
9048671311,xmitra@upi
9246656522,parsaayushman@upi
9395008160,rkant@upi
9279542355,bimala77@upi
9662883030,ladanthony@upi
9898508685,osidhu@upi
9028267486,garimagolla@upi
9253232817,gabrieltak@upi
9199646627,galayochana@upi
9973381637,singhudant@upi
9809362966,ramanathannirja@upi
9378012248,nandawakeeta@upi
9815172061,rishi55@upi
9271401903,eganesh@upi
9731033395,devika43@upi
9192035917,anjalikara@upi
9602138521,saranzansi@upi
9963616536,duachakrika@upi
9254819907,gautam72@upi
9872663192,matthewlata@upi
9096395260,thora@upi
9559321940,ganesanhitesh@upi
9814631059,samakshshukla@upi
9391686645,reyanshmenon@upi
9048184584,cherianinaya@upi
9540384926,turvi76@upi
9770179112,wrideshsengupta@upi
9533492995,pahalbhavsar@upi
9727226471,bamble@upi
9429522889,nakul15@upi
9396454436,kkrishnamurthy@upi
9584242489,surchakradhar@upi
9333160902,dhruvde@upi
9511976381,wvarty@upi
9681618901,widisha49@upi
9402819790,raksha03@upi
9284186415,ahujaazaan@upi
9337468903,hiralbahri@upi
9735076512,upkaarpingle@upi
9035922148,zvora@upi
9384008626,palanekaraj@upi
9193850480,kala21@upi
9695427713,ranveer60@upi
9586623614,mohammedsrinivas@upi
9714201071,tparmar@upi
9127329558,zdixit@upi
9573060504,waida55@upi
9108870955,yashicarastogi@upi
9917643972,urishilla62@upi
9857618754,yashica37@upi
9666442915,ikibe@upi
9353907400,darika92@upi
9169655864,dtaneja@upi
9647059068,yadavidugar@upi
9218695154,gaurang20@upi
9343646379,shauryanagarajan@upi
9245911056,daveazaan@upi
9502624719,yatankota@upi
9406125313,rajagopalancharles@upi
9199512086,unnatiwagle@upi
9292869007,balansai@upi
9299090911,chokshiisaac@upi
9911135766,dwali@upi
9517600235,choudhurysanaya@upi
9585932222,paiamara@upi
9974178400,mannetejas@upi
9342606616,onkar82@upi
9364540204,alexander82@upi
9274004854,jonathankhare@upi
9800529753,lekha01@upi
9743555336,zagrawal@upi
9967287288,dayamaidoctor@upi
9981781444,banjeet07@upi
9188404618,agastya25@upi
9050884189,diya84@upi
9801970920,singhaashi@upi
9806584807,balveer54@upi
9580143749,brinda39@upi
9476572146,gayathri42@upi
9240686122,patelshivansh@upi
9820738580,chandaniseshadri@upi
9174427652,rayaan02@upi
9884520326,dnori@upi
9638941365,chaaya64@upi
9347052967,sanayadara@upi
9822745513,hparmar@upi
9739047311,muniekani@upi
9328566276,mitraabdul@upi
9098471173,tripathifrederick@upi
9282096728,lokeyochana@upi
9992557047,nachiket67@upi
9829662079,aryanadig@upi
9960574125,tamanna27@upi
9438228471,ansh85@upi
9362272684,vaishnavishroff@upi
9623092322,anaybassi@upi
9088410525,muttizarna@upi
9953419276,igarg@upi
9808579845,advay44@upi
9695618974,shroffosha@upi
9797758127,memonisaiah@upi
9661642277,hvenkataraman@upi
9623871285,zbaral@upi
9891712996,hramanathan@upi
9564099477,wbasu@upi
9837704899,christopher87@upi
9327888369,ikalita@upi
9204267814,bajwamitali@upi
9026804519,avni81@upi
9129555777,aggarwalgabriel@upi
9021612144,kevinhora@upi
9622739459,edhithaacharya@upi
9521573651,jagvi39@upi
9763462687,ganga23@upi
9927402184,xkara@upi
9664697473,udarshsinghal@upi
9200139158,yashbath@upi
9859713678,udarshdhillon@upi
9188180702,qsinghal@upi
9641643119,zashil00@upi
9053036677,vivaanhora@upi
9950780803,achahal@upi
9067973962,krishna04@upi
9175658769,saumya68@upi
9658966573,karan97@upi
9977288139,munigarima@upi
9330833334,eesharege@upi
9258558771,kiaan93@upi
9941508100,kpillai@upi
9744013158,ucchalganesh@upi
9320016462,dipta37@upi
9406454159,kalahredhaan@upi
9991205817,anusha49@upi
9650960181,enagar@upi
9459563596,raksha64@upi
9259995536,lnarain@upi
9941262446,balvan90@upi
9971989169,mekhala18@upi
9597122314,bhanumatimunshi@upi
9098713669,chakradharvarkey@upi
9349060795,santzaid@upi
9683847079,dharnathaniel@upi
9805487915,brinda27@upi
9323048675,deoltanvi@upi
9983519002,yatan39@upi
9879291207,akshay45@upi
9595026413,chakradhar97@upi
9183540946,sankaranvarsha@upi
9770093141,fsibal@upi
9274895219,sachi68@upi
9084209783,janakibarman@upi
9563850020,thakkarkamya@upi
9054186775,sai41@upi
9763919028,sahaavni@upi
9469763439,murtyridhi@upi
9222717235,qushi33@upi
9052248897,logan71@upi
9200375438,karanlibni@upi
9792178365,yahvisawhney@upi
9623121500,waidakamdar@upi
9103825652,tanish35@upi
9541651533,daniel26@upi
9315946182,raveloliver@upi
9691975020,gganguly@upi
9892098543,advay80@upi
9036057232,forum60@upi
9706566616,kamdarosha@upi
9565803308,mkari@upi
9764126252,asinghal@upi
9265230098,bnaidu@upi
9818185597,yashawini25@upi
9904220310,ijayawason@upi
9872545071,smital@upi
9029380964,jhalakshah@upi
9588489595,grewalabeer@upi
9383110351,gbose@upi
9472817397,gardedipta@upi
9388850469,sarkarturvi@upi
9090925546,aayush88@upi
9992023872,balasubramanianvasana@upi
9460888817,shroffsachi@upi
9048233130,garderiya@upi
9495458890,sratti@upi
9622469420,waidanarayanan@upi
9920240606,gadejairaj@upi
9992206411,omkaarsundaram@upi
9524417224,cheriannikita@upi
9828083255,amaira65@upi
9590637250,mallickmitali@upi
9602015781,charvi52@upi
9648241344,rsarma@upi
9354125779,ranaaahana@upi
9487658493,rpalla@upi
9821259825,samuel75@upi
9027410813,xmukhopadhyay@upi
9408119185,zinalswamy@upi
9983171750,upkaar31@upi
9416151222,wablefaqid@upi
9889801878,quickpay.mule1@upi
9120560038,swiftcash.mule2@upi
